{
  "rms": 0.28421027883130257,
  "camera_matrix_left": [
    [
      646.625,
      0.0,
      634.49365234375
    ],
    [
      0.0,
      646.625,
      363.3100891113281
    ],
    [
      0.0,
      0.0,
      1.0
    ]
  ],
  "distortion_coefficients_left": [
    0.0,
    0.0,
    0.0,
    0.0,
    0.0
  ],
  "camera_matrix_right": [
    [
      651.0801391601562,
      0.0,
      641.7872924804688
    ],
    [
      0.0,
      651.0801391601562,
      363.67694091796875
    ],
    [
      0.0,
      0.0,
      1.0
    ]
  ],
  "distortion_coefficients_right": [
    0.0,
    0.0,
    0.0,
    0.0,
    0.0
  ],
  "R": [
    [
      0.9999833687290304,
      0.00248344165693884,
      0.005205264918969709
    ],
    [
      -0.0024327861870827483,
      0.9999498447547344,
      -0.00971542723458697
    ],
    [
      -0.005229131544340345,
      0.009702602358089077,
      0.9999392560004697
    ]
  ],
  "T": [
    -0.09444009012500738,
    -4.4421671273458627e-05,
    -0.00017744739086952152
  ],
  "E": [
    [
      -1.9940479893288552e-07,
      0.0001770074851396626,
      -4.61429501374398e-05
    ],
    [
      -0.0006712840940169024,
      0.0009158739609026411,
      0.09443342979553854
    ],
    [
      0.0002741734792475746,
      -0.09443524314049534,
      0.0009177570502044665
    ]
  ],
  "F": [
    [
      -4.632494361279549e-10,
      4.112168720120656e-07,
      -0.0002184218920490202
    ],
    [
      -1.5595009733926223e-06,
      2.127722593553158e-06,
      0.14207568406589505
    ],
    [
      0.000982156767618066,
      -0.14387706037802983,
      1.0
    ]
  ],
  "per_view_errors": [
    [
      0.4103360582133784,
      0.3922791975400388
    ],
    [
      0.382585259132764,
      0.3338670662761192
    ],
    [
      0.30595441544053315,
      0.3117742040409606
    ],
    [
      0.12343992335896388,
      0.12932878596906644
    ],
    [
      0.2175242101774161,
      0.2078292605502261
    ],
    [
      0.18495001826026683,
      0.2171745831784669
    ],
    [
      0.2654757920634029,
      0.29261973893395843
    ]
  ],
  "R_14": [
    [
      0.9999833703041077,
      0.0024834417272359133,
      0.0052052647806704044,
      -0.2844751477241516
    ],
    [
      -0.002432786161080003,
      0.9999498724937439,
      -0.0097154276445508,
      0.00018660665955394506
    ],
    [
      -0.005229131318628788,
      0.00970260240137577,
      0.9999392628669739,
      0.0003191344439983368
    ],
    [
      0.0,
      0.0,
      0.0,
      1.0
    ]
  ],
  "image_size": [
    1280,
    720
  ]
}