{
  "rms": 0.24027926629336124,
  "camera_matrix_left": [
    [
      645.30517578125,
      0.0,
      644.7952880859375
    ],
    [
      0.0,
      645.30517578125,
      362.8390197753906
    ],
    [
      0.0,
      0.0,
      1.0
    ]
  ],
  "distortion_coefficients_left": [
    0.0,
    0.0,
    0.0,
    0.0,
    0.0
  ],
  "camera_matrix_right": [
    [
      651.5961303710938,
      0.0,
      641.2718505859375
    ],
    [
      0.0,
      651.5961303710938,
      363.38427734375
    ],
    [
      0.0,
      0.0,
      1.0
    ]
  ],
  "distortion_coefficients_right": [
    0.0,
    0.0,
    0.0,
    0.0,
    0.0
  ],
  "R": [
    [
      0.9999967968921285,
      -0.0014685759986554443,
      0.0020614291206111374
    ],
    [
      0.0014860548826777463,
      0.999962742527915,
      -0.008503246258727339
    ],
    [
      -0.0020488646536069854,
      0.008506282418722295,
      0.9999617219239165
    ]
  ],
  "T": [
    -0.09413146263374857,
    -0.0005793749504470477,
    -0.0016675045947216025
  ],
  "E": [
    [
      3.6650642020298683e-06,
      0.001662514140760877,
      -0.0005935319752950908
    ],
    [
      -0.0018603618801071235,
      0.0008031576628755259,
      0.09412442201992971
    ],
    [
      0.00043948857498610347,
      -0.09412880638955361,
      0.0008016173478635589
    ]
  ],
  "F": [
    [
      5.734388155702738e-09,
      2.601182645637539e-06,
      -0.0015467673490248822
    ],
    [
      -2.910736768185058e-06,
      1.256626769758773e-06,
      0.0964535547822506
    ],
    [
      0.0015020939413609557,
      -0.09808830719763342,
      1.0
    ]
  ],
  "per_view_errors": [
    [
      0.22604610072212322,
      0.2306034219138096
    ],
    [
      0.18383029726691316,
      0.19318348086462098
    ],
    [
      0.19322567780141384,
      0.22806369445011931
    ],
    [
      0.2603648971282314,
      0.24973391719318008
    ],
    [
      0.26143375046711065,
      0.2922855716271928
    ],
    [
      0.2601182310986615,
      0.27654153512182517
    ]
  ],
  "R_14": [
    [
      0.9999967813491821,
      -0.0014685760252177715,
      0.002061429200693965,
      -0.2842305898666382
    ],
    [
      0.0014860548544675112,
      0.9999627470970154,
      -0.008503246121108532,
      -0.0007205907604657114
    ],
    [
      -0.0020488647278398275,
      0.008506282232701778,
      0.9999617338180542,
      -0.0014728064415976405
    ],
    [
      0.0,
      0.0,
      0.0,
      1.0
    ]
  ],
  "image_size": [
    1280,
    720
  ]
}