{
  "left_intrinsics": {
    "fx": 645.30517578125,
    "fy": 645.30517578125,
    "coeffs": [
      0.0,
      0.0,
      0.0,
      0.0,
      0.0
    ],
    "ppx": 644.7952880859375,
    "ppy": 362.8390197753906
  },
  "right_intrinsics": {
    "fx": 651.5961303710938,
    "fy": 651.5961303710938,
    "coeffs": [
      0.0,
      0.0,
      0.0,
      0.0,
      0.0
    ],
    "ppx": 641.2718505859375,
    "ppy": 363.38427734375
  },
  "left_stereo_extrinsics": {
    "t": [
      -0.09502730518579483,
      0.0,
      0.0
    ],
    "r": [
      1.0,
      0.0,
      0.0,
      0.0,
      1.0,
      0.0,
      0.0,
      0.0,
      1.0
    ]
  },
  "right_stereo_extrinsics": {
    "t": [
      -0.09507212042808533,
      0.0,
      0.0
    ],
    "r": [
      1.0,
      0.0,
      0.0,
      0.0,
      1.0,
      0.0,
      0.0,
      0.0,
      1.0
    ]
  },
  "image_size": [
    1280,
    720
  ]
}