{
  "rms": 0.344314122713036,
  "camera_matrix_left": [
    [
      645.30517578125,
      0.0,
      644.7952880859375
    ],
    [
      0.0,
      645.30517578125,
      362.8390197753906
    ],
    [
      0.0,
      0.0,
      1.0
    ]
  ],
  "distortion_coefficients_left": [
    0.0,
    0.0,
    0.0,
    0.0,
    0.0
  ],
  "camera_matrix_right": [
    [
      646.3816528320312,
      0.0,
      635.126220703125
    ],
    [
      0.0,
      646.3816528320312,
      363.04034423828125
    ],
    [
      0.0,
      0.0,
      1.0
    ]
  ],
  "distortion_coefficients_right": [
    0.0,
    0.0,
    0.0,
    0.0,
    0.0
  ],
  "R": [
    [
      0.999994432080601,
      0.003336553537809792,
      -5.6729934992740294e-05
    ],
    [
      -0.0033369255832716833,
      0.9999550584025692,
      -0.008873900087687707
    ],
    [
      2.7119142727118592e-05,
      0.008874039982098679,
      0.9999606245642617
    ]
  ],
  "T": [
    -0.09392168237937884,
    0.001070246356760848,
    -0.002157624080370608
  ],
  "E": [
    [
      -7.170806829169544e-06,
      0.0021670245222583724,
      0.0010510576748282055
    ],
    [
      -0.002155064991384018,
      0.0008262657363619566,
      0.0939181065740837
    ],
    [
      -0.00075683073295973,
      -0.0939210323232073,
      0.0008335123405083921
    ]
  ],
  "F": [
    [
      -2.0012587170615354e-08,
      6.047822537367002e-06,
      -0.00028858529959338504
    ],
    [
      -6.014445379141362e-06,
      2.3059769240710887e-06,
      0.1721826977242159
    ],
    [
      0.0008309128629235422,
      -0.17410703733773727,
      1.0
    ]
  ],
  "per_view_errors": [
    [
      0.421872197750832,
      0.34532963116667953
    ],
    [
      0.4172610186664333,
      0.3627022782898518
    ],
    [
      0.3143234684794263,
      0.3197448362077753
    ],
    [
      0.3813328850981613,
      0.3889694737487993
    ],
    [
      0.2835410931611893,
      0.3616073941304151
    ],
    [
      0.3061259320648799,
      0.28110377320905544
    ],
    [
      0.30580764882830236,
      0.28581180357216035
    ]
  ],
  "R_14": [
    [
      0.9999944567680359,
      0.0033365534618496895,
      -5.6729935749899596e-05,
      -0.2839129567146301
    ],
    [
      -0.0033369255252182484,
      0.9999550580978394,
      -0.008873900398612022,
      0.0013873453717678785
    ],
    [
      2.711914203246124e-05,
      0.008874040096998215,
      0.9999606013298035,
      -0.002160201082006097
    ],
    [
      0.0,
      0.0,
      0.0,
      1.0
    ]
  ],
  "image_size": [
    1280,
    720
  ]
}