{
  "left_intrinsics": {
    "fx": 646.625,
    "fy": 646.625,
    "coeffs": [
      0.0,
      0.0,
      0.0,
      0.0,
      0.0
    ],
    "ppx": 634.49365234375,
    "ppy": 363.3100891113281
  },
  "right_intrinsics": {
    "fx": 651.0801391601562,
    "fy": 651.0801391601562,
    "coeffs": [
      0.0,
      0.0,
      0.0,
      0.0,
      0.0
    ],
    "ppx": 641.7872924804688,
    "ppy": 363.67694091796875
  },
  "left_stereo_extrinsics": {
    "t": [
      -0.09496450424194336,
      0.0,
      0.0
    ],
    "r": [
      1.0,
      0.0,
      0.0,
      0.0,
      1.0,
      0.0,
      0.0,
      0.0,
      1.0
    ]
  },
  "right_stereo_extrinsics": {
    "t": [
      -0.09507212042808533,
      0.0,
      0.0
    ],
    "r": [
      1.0,
      0.0,
      0.0,
      0.0,
      1.0,
      0.0,
      0.0,
      0.0,
      1.0
    ]
  },
  "image_size": [
    1280,
    720
  ]
}