{
  "rms": 0.3395397666136668,
  "camera_matrix_left": [
    [
      646.625,
      0.0,
      634.49365234375
    ],
    [
      0.0,
      646.625,
      363.3100891113281
    ],
    [
      0.0,
      0.0,
      1.0
    ]
  ],
  "distortion_coefficients_left": [
    0.0,
    0.0,
    0.0,
    0.0,
    0.0
  ],
  "camera_matrix_right": [
    [
      645.30517578125,
      0.0,
      644.7952880859375
    ],
    [
      0.0,
      645.30517578125,
      362.8390197753906
    ],
    [
      0.0,
      0.0,
      1.0
    ]
  ],
  "distortion_coefficients_right": [
    0.0,
    0.0,
    0.0,
    0.0,
    0.0
  ],
  "R": [
    [
      0.9999718687356193,
      0.003706642949917475,
      0.00652093056512072
    ],
    [
      -0.0036871888673398042,
      0.9999887237516821,
      -0.0029928260454953927
    ],
    [
      -0.006531950371050285,
      0.002968697950930216,
      0.9999742598971366
    ]
  ],
  "T": [
    -0.09468696538639823,
    -0.0002751156305306933,
    0.001085574032717718
  ],
  "E": [
    [
      5.799758133036641e-06,
      -0.001086378526723983,
      -0.00027185961478663306
    ],
    [
      0.0004670529354582893,
      0.0002851208354573873,
      0.09469160708706001
    ],
    [
      0.0006242366158350725,
      -0.09468487791725175,
      0.0002851756261014034
    ]
  ],
  "F": [
    [
      -3.908294234897604e-08,
      7.32079999806618e-06,
      -0.0014503149022911158
    ],
    [
      -3.147338653048107e-06,
      -1.921349290619211e-06,
      -0.40991650710972105
    ],
    [
      -0.0015473341780166538,
      0.4077168001868093,
      0.9999999999999999
    ]
  ],
  "per_view_errors": [
    [
      0.3264607660267102,
      0.38717158304805355
    ],
    [
      0.3736087928988006,
      0.37084786260877645
    ],
    [
      0.2491603931156874,
      0.253224085098912
    ],
    [
      0.32152086419698006,
      0.34026516969719683
    ],
    [
      0.35823087045765617,
      0.35015126232609006
    ],
    [
      0.38027940782886666,
      0.33302445912708223
    ],
    [
      0.33521745539391684,
      0.3409520425410172
    ]
  ],
  "R_14": [
    [
      0.999971866607666,
      0.0037066428922116756,
      0.006520930677652359,
      -0.28467610478401184
    ],
    [
      -0.0036871889606118202,
      0.9999887347221375,
      -0.002992826048284769,
      7.503645610995591e-05
    ],
    [
      -0.006531950552016497,
      0.002968698041513562,
      0.999974250793457,
      0.0017058774828910828
    ],
    [
      0.0,
      0.0,
      0.0,
      1.0
    ]
  ],
  "image_size": [
    1280,
    720
  ]
}