{
  "left_intrinsics": {
    "fx": 646.625,
    "fy": 646.625,
    "coeffs": [
      0.0,
      0.0,
      0.0,
      0.0,
      0.0
    ],
    "ppx": 634.49365234375,
    "ppy": 363.3100891113281
  },
  "right_intrinsics": {
    "fx": 645.30517578125,
    "fy": 645.30517578125,
    "coeffs": [
      0.0,
      0.0,
      0.0,
      0.0,
      0.0
    ],
    "ppx": 644.7952880859375,
    "ppy": 362.8390197753906
  },
  "left_stereo_extrinsics": {
    "t": [
      -0.09496450424194336,
      0.0,
      0.0
    ],
    "r": [
      1.0,
      0.0,
      0.0,
      0.0,
      1.0,
      0.0,
      0.0,
      0.0,
      1.0
    ]
  },
  "right_stereo_extrinsics": {
    "t": [
      -0.09502730518579483,
      0.0,
      0.0
    ],
    "r": [
      1.0,
      0.0,
      0.0,
      0.0,
      1.0,
      0.0,
      0.0,
      0.0,
      1.0
    ]
  },
  "image_size": [
    1280,
    720
  ]
}